date(日期),Q(径流),E(蒸发),P(降水)
1983/1/1,6.5,0.9,0.3
1983/1/2,6.99,0,0.2
1983/1/3,6.99,2.2,2.6
1983/1/4,7.49,0.1,27.7
1983/1/5,12.8,1.9,0
1983/1/6,10.2,1.5,1
1983/1/7,10.7,1.4,29
1983/1/8,37.7,0.8,2.7
1983/1/9,21.6,1.1,0.8
1983/1/10,15.1,0.6,3
1983/1/11,14,0,5.5
1983/1/12,14,0.9,0
1983/1/13,11.2,1.1,0
1983/1/14,10.7,2.9,2.8
1983/1/15,12.3,0,0
1983/1/16,13.4,0.7,0
1983/1/17,12.3,0.3,0.1
1983/1/18,11.2,1.1,1
1983/1/19,10.7,0.9,1.9
1983/1/20,10.2,1.3,0
1983/1/21,9.66,1.6,0
1983/1/22,9.66,2,0
1983/1/23,8.64,1.4,0
1983/1/24,8.64,0.8,0
1983/1/25,8.12,2,0
1983/1/26,9.15,1.6,0
1983/1/27,8.64,1.9,0
1983/1/28,5.62,1.3,0
1983/1/29,5.62,0.2,0
1983/1/30,8.12,0.1,9.2
1983/1/31,8.64,0.6,17.5
1983/2/1,31.3,0.1,22.7
1983/2/2,37.4,0.6,1.1
1983/2/3,20.9,1.4,0
1983/2/4,15.7,1.6,0
1983/2/5,13.4,0.6,0
1983/2/6,11.8,3,0
1983/2/7,11.8,2,0
1983/2/8,10.7,2.2,0
1983/2/9,8.64,1,4.5
1983/2/10,10.2,0.4,6.3
1983/2/11,9.15,1.8,0
1983/2/12,9.66,2.1,0
1983/2/13,8.64,1.3,0
1983/2/14,8.64,1,0.3
1983/2/15,8.12,0,3
1983/2/16,9.15,0.2,6.3
1983/2/17,9.66,0.9,0
1983/2/18,8.64,1.9,0
1983/2/19,8.64,0,14.3
1983/2/20,12.3,1.4,0.5
1983/2/21,11.8,0.3,6.1
1983/2/22,12.3,1.2,42
1983/2/23,67.5,3.2,15.4
1983/2/24,59.2,0.3,13.6
1983/2/25,51.8,0.8,0
1983/2/26,32.9,0,5.6
1983/2/27,29,0.1,10.3
1983/2/28,34.8,0.2,15.5
1983/3/1,34.8,0.1,7.3
1983/3/2,33.3,2.4,0
1983/3/3,56.8,0.2,42.6
1983/3/4,83.4,0.7,0.3
1983/3/5,41.1,2.7,0
1983/3/6,28.5,2,0
1983/3/7,22.9,0.7,0.2
1983/3/8,19.6,1.1,2.7
1983/3/9,24.9,0.2,16.3
1983/3/10,26.5,0,1.5
1983/3/11,24.3,0.7,22
1983/3/12,45.8,0.7,0.8
1983/3/13,31.1,0.9,0
1983/3/14,23,1.3,6.3
1983/3/15,22.4,0.6,0.9
1983/3/16,19.9,1.8,0
1983/3/17,16.9,2.4,0
1983/3/18,14.5,2.2,0.6
1983/3/19,15.1,0,12.4
1983/3/20,19.9,0.5,5.4
1983/3/21,24.9,0.1,0.3
1983/3/22,19.9,1.9,0
1983/3/23,17.5,0.3,5.3
1983/3/24,17.5,0.8,5.4
1983/3/25,21.2,3.2,2
1983/3/26,19.9,2.7,4
1983/3/27,24.2,0.6,14.1
1983/3/28,35.6,0.2,3.3
1983/3/29,31.1,0,1.5
1983/3/30,25.5,0.2,0
1983/3/31,21.2,0.6,0
1983/4/1,18.1,2.1,0
1983/4/2,15.7,2.2,0
1983/4/3,14,2,0
1983/4/4,13.4,1,0
1983/4/5,12.3,2.2,0.1
1983/4/6,12.9,0,10.1
1983/4/7,15.1,0.2,0
1983/4/8,20.3,0.1,14.4
1983/4/9,50.8,0.1,74.9
1983/4/10,253,6.3,14.1
1983/4/11,126,0.2,9.1
1983/4/12,82.6,0.4,1.8
1983/4/13,48,2.4,26.2
1983/4/14,96.1,1.1,21
1983/4/15,107,1.4,27.6
1983/4/16,102,1.1,2.8
1983/4/17,70.6,0.4,29
1983/4/18,170,2.5,40.3
1983/4/19,132,0.1,19.7
1983/4/20,93.9,1.9,2.2
1983/4/21,74.5,2.3,15.7
1983/4/22,72.9,0.5,0
1983/4/23,59.6,5.2,8.7
1983/4/24,54,0.2,4.1
1983/4/25,49.4,4.8,0
1983/4/26,40.8,5.1,0
1983/4/27,34.6,5,0
1983/4/28,31.1,0.1,37.9
1983/4/29,83.1,4.9,13.5
1983/4/30,63.1,0.3,15.3
1983/5/1,64.5,1,3
1983/5/2,68,0.4,21.1
1983/5/3,71.8,1,0.1
1983/5/4,48,3.2,3
1983/5/5,42.4,0.2,27.4
1983/5/6,78.9,3.2,0.1
1983/5/7,50.1,3.6,0
1983/5/8,36.4,2.9,0.5
1983/5/9,33.3,0.8,19.6
1983/5/10,79.1,2.9,0
1983/5/11,43,2,23.3
1983/5/12,119,3.4,0.2
1983/5/13,60.4,3,0
1983/5/14,41.9,1.5,12.6
1983/5/15,81.5,2.2,22.8
1983/5/16,60,4.2,0
1983/5/17,40.4,4,0
1983/5/18,32.8,2.5,0
1983/5/19,29.4,3.1,0
1983/5/20,28.1,2.3,0.9
1983/5/21,26.2,2,10.6
1983/5/22,24.9,2.8,0
1983/5/23,21.8,2.7,0.2
1983/5/24,35.1,2.2,1.1
1983/5/25,39.8,2.7,6.7
1983/5/26,28,4,0
1983/5/27,23.7,3.3,43.8
1983/5/28,33.8,2.4,0.6
1983/5/29,26.2,3,0
1983/5/30,70.5,0.3,46.4
1983/5/31,72.8,5,0
1983/6/1,34,2.6,2.4
1983/6/2,38.2,3.5,36.9
1983/6/3,74.4,2.9,2.4
1983/6/4,40.8,3.7,0
1983/6/5,29.7,5.9,0
1983/6/6,23.7,3.1,0
1983/6/7,20.5,3.4,1.3
1983/6/8,19.3,4.1,0
1983/6/9,18.4,3.6,48.8
1983/6/10,97.7,0.5,9.5
1983/6/11,55.7,5.4,1.1
1983/6/12,39.5,0.5,22.3
1983/6/13,74.9,0.2,13.7
1983/6/14,63.2,1.9,22.3
1983/6/15,251,0.2,53.4
1983/6/16,184,2,1.3
1983/6/17,72.2,1,0.1
1983/6/18,52.3,1.3,6.6
1983/6/19,66.3,3.4,66.4
1983/6/20,160,0.2,31.4
1983/6/21,264,3.8,75.1
1983/6/22,130,2.7,0
1983/6/23,70.2,4.2,0
1983/6/24,51.9,5.8,0
1983/6/25,42.7,5.2,0
1983/6/26,39.5,3.3,5.3
1983/6/27,44.5,3.8,10.2
1983/6/28,101,4.6,19.3
1983/6/29,82.2,3.1,0
1983/6/30,44.7,3.9,0
1983/7/1,34.9,2,55.5
1983/7/2,240,2.2,3.9
1983/7/3,91.5,3.5,1.5
1983/7/4,56.9,3.1,0
1983/7/5,44.2,3.5,0
1983/7/6,39.3,2.6,11.1
1983/7/7,42,1,14.1
1983/7/8,40.9,1,44.7
1983/7/9,167,1.3,2.7
1983/7/10,61.8,1.5,0.8
1983/7/11,47.9,3.3,32.7
1983/7/12,66.5,4.2,21.5
1983/7/13,64.6,3.2,3.8
1983/7/14,45.9,2.6,0
1983/7/15,40.1,2.5,24.2
1983/7/16,34.8,1.6,0.2
1983/7/17,30.4,3.5,0
1983/7/18,26.9,3.7,0.3
1983/7/19,24.2,5.4,0
1983/7/20,20.9,4.9,0
1983/7/21,19.6,5,0
1983/7/22,17.6,4.4,0
1983/7/23,16.3,5.2,0
1983/7/24,14.5,5.2,0
1983/7/25,13.9,4.5,0
1983/7/26,13.3,3.7,0
1983/7/27,13.9,4.8,0
1983/7/28,13.3,4.4,0
1983/7/29,11.5,4.7,0
1983/7/30,10.9,5.2,0
1983/7/31,10.4,5,0
1983/8/1,13.3,5.8,6.9
1983/8/2,13.3,5,0
1983/8/3,6.61,5.6,0
1983/8/4,6.61,5.5,0
1983/8/5,5.62,5.1,0
1983/8/6,6.11,4.6,0
1983/8/7,5.62,4.1,0.8
1983/8/8,6.11,4.4,0
1983/8/9,13.9,5.5,25.2
1983/8/10,13.9,3.2,0
1983/8/11,15.1,4.6,0
1983/8/12,10.9,4.3,0
1983/8/13,10.9,4.4,0
1983/8/14,12.1,4.3,0
1983/8/15,5.12,6,0
1983/8/16,5.12,4.2,0
1983/8/17,5.62,4.2,0
1983/8/18,6.61,4.3,0
1983/8/19,8.17,4.2,0
1983/8/20,7.1,5,11.5
1983/8/21,17.6,3.4,8
1983/8/22,25.7,2.1,8.3
1983/8/23,21,2.7,14.5
1983/8/24,17,2.1,5.4
1983/8/25,16.3,1.7,2.1
1983/8/26,13.3,4,0
1983/8/27,9.24,3,0
1983/8/28,8.17,3.4,0
1983/8/29,7.1,5.3,0
1983/8/30,5.62,4.2,0
1983/8/31,3.24,3.9,0
1983/9/1,3.24,5.7,0.3
1983/9/2,4.15,1,2.8
1983/9/3,14.4,1.8,51.1
1983/9/4,16.1,4,0
1983/9/5,12.3,3.5,0
1983/9/6,7.1,3.9,0
1983/9/7,8.71,3.9,0
1983/9/8,5.62,4,0
1983/9/9,5.12,4.5,3
1983/9/10,4.15,4,3.4
1983/9/11,5.62,1.3,18.7
1983/9/12,7.64,2.5,0
1983/9/13,10.9,3.1,0
1983/9/14,5.62,2.1,3.3
1983/9/15,6.61,2.9,0
1983/9/16,9.24,3.7,0
1983/9/17,8.05,2.6,75.5
1983/9/18,48.1,1.1,3.2
1983/9/19,24.9,3.8,0
1983/9/20,16.3,4.8,0
1983/9/21,12.1,3.3,0
1983/9/22,5.62,3.2,0
1983/9/23,5.12,3.2,0
1983/9/24,6.11,2.4,0.2
1983/9/25,5.62,3.3,0
1983/9/26,5.62,5.4,0
1983/9/27,5.12,3.2,0
1983/9/28,5.12,4.8,0
1983/9/29,5.12,1.8,1.7
1983/9/30,4.15,1.5,1.1
1983/10/1,3.69,0.7,0.3
1983/10/2,2.81,2.2,0
1983/10/3,5.62,2.4,0
1983/10/4,7.1,3,0
1983/10/5,7.1,2.7,0
1983/10/6,2.4,2.6,13.3
1983/10/7,9.24,2.4,11.9
1983/10/8,8.17,2.7,0
1983/10/9,7.1,3.1,0
1983/10/10,7.1,3.6,0
1983/10/11,6.47,3.3,0
1983/10/12,5.04,1.4,0.2
1983/10/13,5.04,1.2,0.4
1983/10/14,4.07,0.5,0.1
1983/10/15,5.52,1.8,30.3
1983/10/16,8.48,0.9,0
1983/10/17,14.6,1.7,0
1983/10/18,7.49,3,0
1983/10/19,6.5,3.5,0
1983/10/20,6.5,2.4,0.2
1983/10/21,6,1.7,0
1983/10/22,6,1.8,0.1
1983/10/23,5.04,2,0.1
1983/10/24,1.53,2.6,0
1983/10/25,1.88,2.6,2.3
1983/10/26,9.57,1.2,1.7
1983/10/27,7.49,1,0.1
1983/10/28,2.7,1.6,0
1983/10/29,1.88,2.8,0.1
1983/10/30,6.99,0.5,0.2
1983/10/31,6,1,0
1983/11/1,0.35,1,0
1983/11/2,0.95,3.2,0
1983/11/3,7.49,2.4,0
1983/11/4,7.98,3.1,0
1983/11/5,0.35,3.4,0
1983/11/6,6.99,2,0
1983/11/7,0.35,2.1,0
1983/11/8,1.88,0.5,0
1983/11/9,5.04,1.8,13.9
1983/11/10,1.88,1.5,0.2
1983/11/11,4.07,0.8,0
1983/11/12,1.88,2.9,0
1983/11/13,5.52,3.3,0
1983/11/14,1.21,1.6,0
1983/11/15,3.59,2.5,0
1983/11/16,1.21,2.6,0
1983/11/17,0.95,2.9,0
1983/11/18,3.14,2.4,0
1983/11/19,1.88,1.4,0
1983/11/20,1.21,2,0
1983/11/21,0.71,1.8,0
1983/11/22,3.59,1.7,0
1983/11/23,0.71,2.3,0
1983/11/24,1.53,1.1,0
1983/11/25,2.7,3.6,0
1983/11/26,3.14,2.8,0
1983/11/27,1.88,2.2,0
1983/11/28,1.88,2.2,0
1983/11/29,1.88,1.7,0
1983/11/30,1.88,2.2,0
1983/12/1,1.88,1.7,0
1983/12/2,1.53,3.9,0
1983/12/3,1.88,1.8,0
1983/12/4,0.42,2.1,0
1983/12/5,0.28,2,0
1983/12/6,0.25,1.2,0
1983/12/7,6.99,2.4,0
1983/12/8,3.59,2.1,0
1983/12/9,1.53,1.3,0
1983/12/10,0.35,1.3,0
1983/12/11,1.88,2,0
1983/12/12,0.42,1.5,0
1983/12/13,1.88,1.1,0
1983/12/14,0.95,0.6,0
1983/12/15,0.31,1.3,0
1983/12/16,0.28,0.6,5.3
1983/12/17,1.88,0.7,0.1
1983/12/18,2.7,1.7,0
1983/12/19,0.42,0.4,10.1
1983/12/20,4.45,0.7,7.8
1983/12/21,3.69,0.2,7.3
1983/12/22,4.15,0.3,0.7
1983/12/23,3.24,1.7,0
1983/12/24,3.69,1.7,0
1983/12/25,3.69,1.4,0
1983/12/26,1.4,1.9,0
1983/12/27,1.69,1.2,0
1983/12/28,2.81,0,29.7
1983/12/29,2.4,0.2,0
1983/12/30,4.63,1.8,0
1983/12/31,5.12,1,0
1984/1/1,3.91,0,0
1984/1/2,4.6,1.6,0
1984/1/3,5.03,1.7,0
1984/1/4,3.11,1.7,0
1984/1/5,4.7,0.9,0
1984/1/6,4.63,1.7,0
1984/1/7,3.41,1.3,0
1984/1/8,4.29,1.3,0
1984/1/9,2.65,1.2,0
1984/1/10,4.45,2.1,0
1984/1/11,2.7,1.1,0
1984/1/12,1.79,1.4,0
1984/1/13,3.16,1.5,0
1984/1/14,0.61,1.2,0
1984/1/15,1.34,1.1,3.6
1984/1/16,1.34,1.3,1.8
1984/1/17,3.79,0,4.3
1984/1/18,3.26,0,11
1984/1/19,3.76,0.1,3
1984/1/20,4.44,0,22.3
1984/1/21,4.58,1.9,4.1
1984/1/22,7,1.4,0
1984/1/23,7,0.6,0
1984/1/24,5.55,0.7,0.8
1984/1/25,0.79,0.5,0.9
1984/1/26,4.14,0,4.5
1984/1/27,7.52,0.1,5.6
1984/1/28,4.58,0,3.4
1984/1/29,3.26,0,4.9
1984/1/30,9.6,0.2,7
1984/1/31,9.6,0.3,0.1
1984/2/1,6.03,0.3,4.1
1984/2/2,6.03,0.1,3.3
1984/2/3,7.52,0.2,2.7
1984/2/4,7,0,2.9
1984/2/5,7,0,0.7
1984/2/6,7,0.8,0
1984/2/7,5.55,0.6,0
1984/2/8,5.06,0.8,0
1984/2/9,5.55,0.2,18.8
1984/2/10,13.6,0.6,3.4
1984/2/11,13,0,7.7
1984/2/12,11.8,0,0
1984/2/13,10.7,0,5.2
1984/2/14,11.3,0.5,0
1984/2/15,11.3,1.5,0
1984/2/16,12.4,0,7.5
1984/2/17,14.7,0.3,0.2
1984/2/18,13,2,0.2
1984/2/19,11.8,0,3.7
1984/2/20,9.08,1,0.6
1984/2/21,5.69,0.2,0
1984/2/22,9.6,0.6,0.2
1984/2/23,6.03,2.6,0
1984/2/24,4.58,0.6,0.5
1984/2/25,5.86,0,1.5
1984/2/26,3.41,1.7,0
1984/2/27,7.24,0.7,4.4
1984/2/28,5.13,0.7,2.8
1984/2/29,5.29,1.8,0
1984/3/1,4.14,2,0
1984/3/2,2.82,1.9,0
1984/3/3,2.02,1.7,0
1984/3/4,1.66,2.8,0
1984/3/5,2.82,1.4,0
1984/3/6,2.82,0.5,14.6
1984/3/7,3.26,1.9,1.1
1984/3/8,4.58,0,2
1984/3/9,4.14,0.4,1.3
1984/3/10,5.55,1.3,0.3
1984/3/11,5.06,0.1,0.3
1984/3/12,2.38,0.7,0
1984/3/13,3.7,0.1,2.3
1984/3/14,3.7,1.7,0.4
1984/3/15,4.14,0.4,0.4
1984/3/16,2.02,0.9,0
1984/3/17,2.02,0.4,0.1
1984/3/18,2.09,1.1,27.6
1984/3/19,25.5,0.2,12.9
1984/3/20,33.7,3.6,0
1984/3/21,20.3,0.9,4.3
1984/3/22,15.7,0.8,0.7
1984/3/23,12.5,0.6,1.4
1984/3/24,9.63,0.2,3.7
1984/3/25,20.6,1.2,40.9
1984/3/26,74.7,2.5,49.4
1984/3/27,110,0,28.1
1984/3/28,67.6,0.8,0
1984/3/29,32.2,0.5,0.5
1984/3/30,20.2,1,0
1984/3/31,16.7,1.2,17.5
1984/4/1,33.1,0.2,0.8
1984/4/2,23.1,0.4,57.3
1984/4/3,189,1.8,23.4
1984/4/4,105,0.2,40.3
1984/4/5,124,0.7,23.1
1984/4/6,114,0.4,27
1984/4/7,105,0,48
1984/4/8,234,0,27.8
1984/4/9,112,0,2.5
1984/4/10,62.7,0.8,0
1984/4/11,41.4,0.5,17.2
1984/4/12,54.5,0.5,1.1
1984/4/13,41.5,2.2,0.1
1984/4/14,136,1.6,0
1984/4/15,25.1,2.3,0
1984/4/16,21.7,2.1,12.5
1984/4/17,27.3,0,8.6
1984/4/18,37.6,1.3,17.3
1984/4/19,39.1,1.4,2
1984/4/20,54.6,0.5,42
1984/4/21,89.9,1.6,0
1984/4/22,45.6,2.8,0
1984/4/23,31.6,3.6,0
1984/4/24,25.1,0.6,4
1984/4/25,25.1,3.3,0
1984/4/26,20.4,1.6,17.3
1984/4/27,30.1,1,4.8
1984/4/28,31.6,1,0
1984/4/29,25.8,2.9,0
1984/4/30,21,2.2,0
1984/5/1,19.1,1.6,18.2
1984/5/2,30.9,0.4,3.4
1984/5/3,35.9,0.2,55.1
1984/5/4,91.5,1.4,16.9
1984/5/5,75.2,0.8,5.2
1984/5/6,51.4,1.1,0
1984/5/7,36.1,3.2,0
1984/5/8,26.5,4,0
1984/5/9,21.7,4.2,0
1984/5/10,17.8,4,0
1984/5/11,17.8,2,0
1984/5/12,15.3,2.1,3.3
1984/5/13,63,1.7,43.2
1984/5/14,53.6,1.1,12.1
1984/5/15,186,0.9,112.9
1984/5/16,222,1.2,10.7
1984/5/17,85,0.2,10
1984/5/18,77.9,2.3,0
1984/5/19,54.6,2.4,0
1984/5/20,45.3,2.3,18.6
1984/5/21,58.7,2.2,0
1984/5/22,40.6,2.2,0
1984/5/23,31.9,3.3,0
1984/5/24,27.4,1.2,0.6
1984/5/25,25.1,0.9,1.4
1984/5/26,37.3,0.2,37
1984/5/27,63.6,1.1,3.7
1984/5/28,37.7,3.1,0
1984/5/29,27.6,3,0
1984/5/30,30.2,2.7,28.8
1984/5/31,179,0.6,57.4
1984/6/1,232,1.6,0.6
1984/6/2,89.1,1.9,0
1984/6/3,55.9,3.5,0
1984/6/4,40.7,3.6,0
1984/6/5,33.4,4,0
1984/6/6,28.4,4.1,0
1984/6/7,29.2,2.7,5.9
1984/6/8,42,3.9,1.3
1984/6/9,42.2,1.2,54.7
1984/6/10,118,1.1,9.7
1984/6/11,92.2,0.4,21.1
1984/6/12,106,0.6,3
1984/6/13,60.4,2.6,0
1984/6/14,43.8,0,39
1984/6/15,185,0.6,33.6
1984/6/16,111,4.1,0
1984/6/17,59.7,0.4,10
1984/6/18,51.9,1.5,0.3
1984/6/19,41.5,2.4,0
1984/6/20,36.2,3.2,14.6
1984/6/21,35.3,3.8,0
1984/6/22,28.1,3.1,1
1984/6/23,25.9,5.4,0
1984/6/24,31.2,3.7,0.3
1984/6/25,26.6,2.9,16.7
1984/6/26,54.7,3.3,42.9
1984/6/27,73.3,2.1,3
1984/6/28,51.8,4.6,0
1984/6/29,31.8,3.5,3.9
1984/6/30,29.5,3.4,0
1984/7/1,23.1,4,0
1984/7/2,22.4,2.2,2.9
1984/7/3,25.1,0,0.3
1984/7/4,28.1,0.8,9.3
1984/7/5,34.5,2.5,0
1984/7/6,26.6,3.2,0
1984/7/7,19.7,5.1,0
1984/7/8,17.2,3.6,1.6
1984/7/9,17.2,4,0
1984/7/10,16.5,4.8,0
1984/7/11,13.6,5.5,0
1984/7/12,9.57,5.3,0
1984/7/13,14.8,5,0
1984/7/14,13,5.4,0
1984/7/15,6.83,4.5,0
1984/7/16,9.12,3.9,3.7
1984/7/17,17.5,2.7,31
1984/7/18,25.4,3.2,0.2
1984/7/19,15.4,3,0
1984/7/20,17.2,4,15.9
1984/7/21,15.9,2.2,10.3
1984/7/22,24.5,3.2,8.6
1984/7/23,19.8,2.1,11
1984/7/24,17.2,3.8,0
1984/7/25,13.5,4.6,0
1984/7/26,7.66,5.5,0
1984/7/27,8.87,5,0
1984/7/28,6.82,3.8,0
1984/7/29,6.23,4.4,0
1984/7/30,5.45,4.1,0
1984/7/31,6.14,3.5,0
1984/8/1,6.75,4.3,0
1984/8/2,6.57,4,25.8
1984/8/3,5.88,3.1,0
1984/8/4,6.58,4.9,0
1984/8/5,6.41,4.9,6.8
1984/8/6,6.13,3.8,1.5
1984/8/7,6.3,5.2,6.9
1984/8/8,7.89,1,26
1984/8/9,19.8,2.7,0
1984/8/10,14.1,4,0
1984/8/11,4.51,3.1,0
1984/8/12,6.98,5.2,0.2
1984/8/13,4.01,4.6,0
1984/8/14,4.34,4.4,0
1984/8/15,3.91,4.7,0.6
1984/8/16,5.48,5.3,0
1984/8/17,5.24,4.6,0.6
1984/8/18,4.89,4.9,0
1984/8/19,4.78,4.1,0
1984/8/20,5,3.3,0
1984/8/21,4.08,2.6,0
1984/8/22,4.56,2.3,13.4
1984/8/23,7.48,0.9,27.4
1984/8/24,10.6,3.5,0.6
1984/8/25,6.3,1.9,30.1
1984/8/26,14.2,0.9,38.3
1984/8/27,19.8,3.5,0
1984/8/28,14.7,4,0.6
1984/8/29,4.55,4.5,0
1984/8/30,7.32,1.7,1.8
1984/8/31,8.94,0.6,8.3
1984/9/1,8.46,1.2,30
1984/9/2,44.5,1.5,26.3
1984/9/3,39.7,3.9,0
1984/9/4,20.1,3.8,0
1984/9/5,12,1,11.6
1984/9/6,13.1,2.7,0
1984/9/7,10.1,4.4,0
1984/9/8,9.85,4.7,0
1984/9/9,7.95,3.9,0
1984/9/10,4.09,3.4,0
1984/9/11,7.73,4.1,1.5
1984/9/12,4.89,1.8,9.9
1984/9/13,8.8,3.3,0
1984/9/14,4.43,3.3,0
1984/9/15,4.71,3.4,0
1984/9/16,4.97,0.5,0.6
1984/9/17,5.35,2,4.7
1984/9/18,5.77,4.5,4
1984/9/19,7.91,0,0
1984/9/20,6.22,1.3,0.3
1984/9/21,7.96,2.5,0
1984/9/22,5.76,3.4,0
1984/9/23,8.5,3.2,0
1984/9/24,3.66,3,0
1984/9/25,4.34,2.8,4.2
1984/9/26,4.93,1.9,0.1
1984/9/27,4.96,1.8,0.5
1984/9/28,4.11,2.2,5.1
1984/9/29,7.43,2.4,0
1984/9/30,8.97,3,0
1984/10/1,5.44,2.5,0
1984/10/2,5.02,3.4,0
1984/10/3,5.43,3.3,3.5
1984/10/4,7.05,2.4,12.8
1984/10/5,8.92,1.9,16.1
1984/10/6,11.8,1.4,2.3
1984/10/7,15.3,0,11.7
1984/10/8,14.1,0.9,0.9
1984/10/9,10.9,0.7,2.6
1984/10/10,14.1,1.6,0
1984/10/11,10.4,2,0
1984/10/12,8.24,2.4,0
1984/10/13,8.35,1.6,0
1984/10/14,7.63,1.4,0
1984/10/15,7.28,1.8,1.9
1984/10/16,7,0.4,9.6
1984/10/17,9.74,0.8,7.9
1984/10/18,9.28,1.6,1
1984/10/19,11.4,2.2,0
1984/10/20,9.72,4.7,0
1984/10/21,8.56,3.5,0
1984/10/22,8.2,2.1,0
1984/10/23,6.47,2.3,0
1984/10/24,6.72,2.5,0
1984/10/25,6.1,3.1,0
1984/10/26,6.78,2.3,0
1984/10/27,5.14,4,0
1984/10/28,5.21,3.9,0
1984/10/29,6.28,4.2,0
1984/10/30,6.32,3.2,0
1984/10/31,6.22,2.4,0
1984/11/1,5.57,2.3,0
1984/11/2,4.82,2.4,0
1984/11/3,4.98,2.6,0
1984/11/4,4.74,2,0
1984/11/5,5.56,1.9,0
1984/11/6,4.6,2,0
1984/11/7,4.15,2.1,0
1984/11/8,3.94,1.6,0
1984/11/9,5.02,1.4,0
1984/11/10,4.81,2.7,0
1984/11/11,5.3,2.1,13.9
1984/11/12,3.94,2.4,7.9
1984/11/13,4.59,0,1.9
1984/11/14,16.1,0.7,52.9
1984/11/15,31.5,1.3,0
1984/11/16,12.9,1.6,0
1984/11/17,10.1,1.3,0
1984/11/18,8.46,1.7,0
1984/11/19,7.95,4.1,0
1984/11/20,4.06,2.8,0
1984/11/21,4.56,1.9,0
1984/11/22,4.81,1,0
1984/11/23,3.8,2,0
1984/11/24,3.7,2.4,0
1984/11/25,3.25,1.2,0
1984/11/26,4.46,2.7,0
1984/11/27,4.2,2,0
1984/11/28,4.14,1.2,0
1984/11/29,4.2,1.4,0
1984/11/30,4.1,1.4,0
1984/12/1,3.77,1.7,0
1984/12/2,3.54,2,0
1984/12/3,3.82,1.4,0
1984/12/4,3.88,1.4,0
1984/12/5,2.89,1,0
1984/12/6,2.72,1.4,0
1984/12/7,3.61,0.8,0
1984/12/8,1.66,2,0
1984/12/9,3.5,0.7,0
1984/12/10,2.9,1,0.5
1984/12/11,2.87,0.4,4.2
1984/12/12,3.02,1.1,2
1984/12/13,3.58,0.4,0
1984/12/14,2.81,1.1,0
1984/12/15,2.58,1,2.5
1984/12/16,3.34,1.2,3.3
1984/12/17,3.95,0.3,17.3
1984/12/18,4.05,0.5,10.1
1984/12/19,6.89,0.8,3.6
1984/12/20,9.37,0.5,7.4
1984/12/21,3.87,1.7,2.8
1984/12/22,4.51,1.1,0.1
1984/12/23,7.78,1.7,0
1984/12/24,6.31,1.6,0
1984/12/25,5.37,1.5,0
1984/12/26,3.96,1.1,0
1984/12/27,3.74,1.2,0
1984/12/28,4.09,1.3,0
1984/12/29,2.75,1.6,0
1984/12/30,2.9,1.1,0
1984/12/31,3.78,0,0.5
1985/1/1,3.07,0,4.4
1985/1/2,4.25,0.7,1.8
1985/1/3,3.37,0.4,2
1985/1/4,3.56,0.8,0.3
1985/1/5,3.04,1.1,0
1985/1/6,3.83,0,10.7
1985/1/7,7.1,1.3,4.5
1985/1/8,6.85,0,0.1
1985/1/9,5.18,0.5,4.3
1985/1/10,6.28,1,0
1985/1/11,5.1,1.1,0
1985/1/12,4.25,0.8,0
1985/1/13,5.58,1.2,0
1985/1/14,5.34,2,0
1985/1/15,4.82,1,0
1985/1/16,5.08,0.3,4.4
1985/1/17,5.08,0,3.8
1985/1/18,6.11,0.9,0
1985/1/19,6.03,1.1,0
1985/1/20,8.88,1,0
1985/1/21,4.12,1.1,0
1985/1/22,2.44,0.9,0
1985/1/23,0.3,1.1,7.2
1985/1/24,0.41,1,0.2
1985/1/25,1.23,1.3,0
1985/1/26,4.63,0.3,0.3
1985/1/27,1.44,1.1,0
1985/1/28,4.64,1.3,7.5
1985/1/29,3.54,1,0
1985/1/30,2.6,1.9,0
1985/1/31,4.25,0.9,0
1985/2/1,2.93,1.9,0
1985/2/2,2.21,2,0
1985/2/3,2.37,0.1,10.8
1985/2/4,4.93,0.4,0.1
1985/2/5,2.65,0,6.5
1985/2/6,4.31,0.7,0.6
1985/2/7,4.13,0.2,16.7
1985/2/8,15.6,0,10.6
1985/2/9,15.3,0.9,0
1985/2/10,11.6,0.8,0.3
1985/2/11,8.08,0.2,0
1985/2/12,4.22,1.7,0
1985/2/13,5.89,1.3,0
1985/2/14,4.43,0.7,14.5
1985/2/15,11.9,0,1.2
1985/2/16,12.6,0.1,15.2
1985/2/17,45.3,0.4,48.2
1985/2/18,99.2,1.2,15
1985/2/19,50.1,0.5,16.4
1985/2/20,50.8,0.1,2.9
1985/2/21,31.4,0.5,1.2
1985/2/22,21.6,0.8,0.1
1985/2/23,15.8,1.3,0
1985/2/24,13.7,0.3,24.2
1985/2/25,39.8,1.1,22.9
1985/2/26,48.9,1.1,13.3
1985/2/27,42.4,0.5,7.3
1985/2/28,38.4,0.3,0.2
1985/3/1,41.4,0.3,32.5
1985/3/2,53.4,0.4,6.1
1985/3/3,38,0.6,3.3
1985/3/4,29.8,0.2,5.3
1985/3/5,26.9,0.3,0
1985/3/6,22.7,0.2,13.1
1985/3/7,28.1,0,8.9
1985/3/8,34.3,0.3,7.8
1985/3/9,34,0,21.3
1985/3/10,51.6,0.2,13.2
1985/3/11,51.8,0.7,2
1985/3/12,38.7,0.6,14.1
1985/3/13,47.9,0.1,3.5
1985/3/14,40.4,1.1,0
1985/3/15,29.2,1.3,0
1985/3/16,23.8,0.5,0
1985/3/17,20.1,0.5,1.3
1985/3/18,18.8,0.1,2.6
1985/3/19,17.4,0,11.8
1985/3/20,18.7,1.1,3.2
1985/3/21,18.6,0.3,0.1
1985/3/22,16.2,0.4,0
1985/3/23,16.3,1.5,0
1985/3/24,13.4,0.3,10.2
1985/3/25,15.8,0.8,8.4
1985/3/26,18.2,0,5.1
1985/3/27,17.2,0.3,24.8
1985/3/28,40.3,0.3,2.1
1985/3/29,31.8,2.2,2.8
1985/3/30,22.4,2.7,3.1
1985/3/31,19.6,2.1,0
1985/4/1,17.9,0.8,0.8
1985/4/2,17,1.7,0
1985/4/3,12.4,2,0
1985/4/4,12.3,1.9,1.7
1985/4/5,11.8,0,57
1985/4/6,164,0.3,31.5
1985/4/7,85,1.2,0
1985/4/8,39.2,1.8,2.5
1985/4/9,33.4,0.5,0.8
1985/4/10,29.2,1,9.8
1985/4/11,32.7,1.9,0
1985/4/12,25.2,0.7,12.9
1985/4/13,31.7,0.5,3.2
1985/4/14,26.6,0.8,0.1
1985/4/15,25.3,0.1,11.3
1985/4/16,29.2,3,0
1985/4/17,22.1,2.7,0
1985/4/18,19.7,2.4,1
1985/4/19,18.3,0.3,1.4
1985/4/20,17.2,0.9,0
1985/4/21,13.9,1.7,0.9
1985/4/22,15.9,3.2,0
1985/4/23,11.6,3,0
1985/4/24,9.74,3.2,0
1985/4/25,10.1,2.8,0.9
1985/4/26,11.4,1.9,0.6
1985/4/27,10,3.6,0
1985/4/28,9.56,4.3,0
1985/4/29,8.41,3.6,0
1985/4/30,8.41,1.3,4.6
1985/5/1,6.38,1.2,0.3
1985/5/2,12.5,0.7,2.2
1985/5/3,9.89,0.7,0
1985/5/4,10.2,2.1,0.8
1985/5/5,8.26,3.7,0
1985/5/6,11.4,0.1,22.6
1985/5/7,13.7,0.9,0
1985/5/8,10.4,2.1,0
1985/5/9,10.4,1.8,10.8
1985/5/10,15.9,2,0
1985/5/11,13.4,3.9,0
1985/5/12,8.41,4.1,0
1985/5/13,5.48,3.9,13
1985/5/14,9.91,2.9,8
1985/5/15,9.99,2.4,5.7
1985/5/16,14,1.7,0
1985/5/17,15.4,2.2,0
1985/5/18,10.7,2.8,0
1985/5/19,7.97,2.6,8.2
1985/5/20,7.35,3.8,0
1985/5/21,9.25,2.2,1
1985/5/22,7.74,1.5,0.6
1985/5/23,7.9,2,0
1985/5/24,7.75,3.8,0
1985/5/25,6.41,2.4,4.1
1985/5/26,12.9,0.1,85.7
1985/5/27,83.9,2,0
1985/5/28,28.6,1.9,0
1985/5/29,19.9,1.9,1.1
1985/5/30,15.1,0.9,0.9
1985/5/31,13.3,0.4,4
1985/6/1,14.5,1.1,0
1985/6/2,13.5,1.3,10.4
1985/6/3,12.3,2,26.8
1985/6/4,25.7,0.4,39.9
1985/6/5,115,0.4,17.6
1985/6/6,70.8,0.2,24.4
1985/6/7,66.9,3.6,0
1985/6/8,35.8,3.1,0
1985/6/9,23,4,0
1985/6/10,17.3,2.5,0.5
1985/6/11,15.3,1.2,4.8
1985/6/12,15.2,2.9,4.9
1985/6/13,16.8,3.6,0
1985/6/14,16,4.6,0
1985/6/15,12.3,3.8,0
1985/6/16,11,3.2,0
1985/6/17,9.04,2,14
1985/6/18,10.8,3.9,0
1985/6/19,10.6,4.8,0
1985/6/20,9.07,3.7,0
1985/6/21,8.3,3.9,0
1985/6/22,8.21,5.6,0
1985/6/23,7.69,2.7,0.5
1985/6/24,7.91,2.6,2.9
1985/6/25,8.96,0.8,38.1
1985/6/26,65.7,0.8,87.8
1985/6/27,129,0,3.9
1985/6/28,50.3,1.8,0.9
1985/6/29,30,2.4,0
1985/6/30,20.5,3.1,0
1985/7/1,17.2,2.9,0.9
1985/7/2,22.6,1.9,6.7
1985/7/3,21.1,2,2.4
1985/7/4,21.2,2.6,40.4
1985/7/5,38.9,3.4,0
1985/7/6,22.5,5,0
1985/7/7,15.1,4.9,0.4
1985/7/8,11.8,4.4,0
1985/7/9,11.1,1.1,11.5
1985/7/10,16.2,4.6,0
1985/7/11,14.8,4.3,0
1985/7/12,10.2,4,0
1985/7/13,10.1,4.2,0
1985/7/14,6.28,4.8,0
1985/7/15,7.66,5.2,0
1985/7/16,6.46,4.9,0
1985/7/17,5.61,4.7,0
1985/7/18,4.39,2.7,29.9
1985/7/19,14.5,0,14.1
1985/7/20,9.63,7.7,0
1985/7/21,7.64,4,3.6
1985/7/22,7.75,2.3,5.7
1985/7/23,9.31,2.7,37.5
1985/7/24,22.5,3.4,0
1985/7/25,17.8,0.6,51
1985/7/26,44.2,2.4,3.5
1985/7/27,32.4,2.6,0.7
1985/7/28,23.4,2.6,1
1985/7/29,19.3,3.2,0
1985/7/30,20.6,3.3,0.2
1985/7/31,13.8,2.1,4.2
1985/8/1,15.4,2.5,15.2
1985/8/2,27.4,3.8,0.1
1985/8/3,17.3,4.8,0
1985/8/4,12.4,2.7,0.7
1985/8/5,11.3,2.4,2.9
1985/8/6,21.4,3.8,0
1985/8/7,16,3.3,14.4
1985/8/8,9.84,3.5,14.5
1985/8/9,17.7,2.5,0.7
1985/8/10,13,4.1,0.1
1985/8/11,12.1,2.6,1.4
1985/8/12,11.2,2.3,12.1
1985/8/13,16.4,2.5,0.2
1985/8/14,21.2,1.3,13.9
1985/8/15,21.1,3.4,2.8
1985/8/16,17.8,3.1,0
1985/8/17,14.6,4.4,0
1985/8/18,13.8,4.5,0
1985/8/19,13.3,3,4.7
1985/8/20,17.3,2.3,13.5
1985/8/21,19.9,3.3,6.3
1985/8/22,13.6,3.4,2.3
1985/8/23,14.2,2.8,1.9
1985/8/24,11.8,2.6,0
1985/8/25,13,3.4,0
1985/8/26,11.6,4.1,0
1985/8/27,9.75,4.5,0
1985/8/28,7.53,4,0
1985/8/29,10.6,3.6,0
1985/8/30,8.84,2.4,0
1985/8/31,10.1,1.8,11.1
1985/9/1,14.5,1.7,12.9
1985/9/2,22.8,2.6,0
1985/9/3,15.4,2.6,0.1
1985/9/4,14.2,2.5,0
1985/9/5,10.8,3.2,0
1985/9/6,8.59,2.9,0.7
1985/9/7,9.21,1.5,25.5
1985/9/8,8.36,2.3,6.4
1985/9/9,6.57,3.3,3.4
1985/9/10,10.9,3.8,0
1985/9/11,9.44,4,2.5
1985/9/12,6.29,3.8,0.1
1985/9/13,7.6,2.9,0
1985/9/14,8.83,1.4,33.1
1985/9/15,14.8,3.4,1.8
1985/9/16,13.2,2,5
1985/9/17,24.7,0.3,28
1985/9/18,40.6,2.4,3.9
1985/9/19,27.4,2.1,0
1985/9/20,20.4,2,0
1985/9/21,14.6,1.3,2.4
1985/9/22,28.7,2.3,1.6
1985/9/23,21.8,1.3,24.2
1985/9/24,43.6,2,4.8
1985/9/25,33.9,2.6,0
1985/9/26,23.9,2.4,0
1985/9/27,17.6,1.7,0.2
1985/9/28,16.8,2,0
1985/9/29,12.6,2.4,0
1985/9/30,12.5,3.2,0
1985/10/1,10.1,4.9,0
1985/10/2,11.4,4.9,0
1985/10/3,7.07,4,0
1985/10/4,8.07,2.1,0
1985/10/5,9.14,2.8,0
1985/10/6,6.73,3.1,0
1985/10/7,6.18,3,0
1985/10/8,7.87,1.1,0
1985/10/9,7.18,1,0
1985/10/10,6.61,1.9,0
1985/10/11,7.73,4.1,0
1985/10/12,5.67,4.1,0
1985/10/13,6.32,3.4,0
1985/10/14,5.34,2.6,0.1
1985/10/15,7.26,1.5,0
1985/10/16,6.53,2.2,0.1
1985/10/17,5.47,2.1,1.1
1985/10/18,5.55,2.3,0
1985/10/19,6.22,1.7,0
1985/10/20,6.4,2.2,4.3
1985/10/21,6.33,0.6,1.6
1985/10/22,7.67,0.2,0
1985/10/23,6.88,0.7,0
1985/10/24,6.38,2.2,0
1985/10/25,6.27,2,0
1985/10/26,6.25,2,0
1985/10/27,5.72,1.1,0
1985/10/28,4.4,1.6,0.1
1985/10/29,4.33,1.4,0
1985/10/30,5.32,1.4,0
1985/10/31,4.72,1.6,0
1985/11/1,4.42,3.1,0
1985/11/2,4.32,3,0
1985/11/3,4.01,1.9,0
1985/11/4,2.97,3.5,0.4
1985/11/5,3.21,2.2,0
1985/11/6,4.86,3.1,0
1985/11/7,3.06,1,15
1985/11/8,6.96,1.5,2.5
1985/11/9,6.84,3.1,0
1985/11/10,3.63,2.9,0
1985/11/11,3.9,2.8,0
1985/11/12,5.85,2.3,0.1
1985/11/13,3.24,2.1,0
1985/11/14,4.16,2.9,0
1985/11/15,4.04,1.1,0
1985/11/16,3.12,2.9,1.2
1985/11/17,2.95,2.3,0
1985/11/18,4.52,2,0
1985/11/19,3.24,2.1,0
1985/11/20,3.73,1.6,1.6
1985/11/21,3.61,0.8,34
1985/11/22,9.89,0.3,0.3
1985/11/23,10.8,3.1,8.3
1985/11/24,6.28,1.8,0
1985/11/25,6.91,2.2,0
1985/11/26,5.44,2.7,0
1985/11/27,5.69,1.6,14.1
1985/11/28,5.59,0.8,2.1
1985/11/29,7.43,1.8,0.1
1985/11/30,5.25,2.8,0
1985/12/1,6.02,2,0
1985/12/2,5.81,2.5,0
1985/12/3,4.84,3.2,0
1985/12/4,4.48,2.6,0
1985/12/5,3.54,1.2,15.5
1985/12/6,5.8,0.4,0.9
1985/12/7,7.31,1.6,0.3
1985/12/8,6.18,0.3,0.1
1985/12/9,5.01,0,12.1
1985/12/10,5.73,0,7.8
1985/12/11,11,0.2,0
1985/12/12,6.96,0.6,0
1985/12/13,7.97,1.2,0
1985/12/14,7.02,1.8,0
1985/12/15,4.39,2,0
1985/12/16,4.76,1.9,0
1985/12/17,4.44,2,0
1985/12/18,5.54,1.5,0
1985/12/19,4.33,1.9,0
1985/12/20,6.58,1.8,0
1985/12/21,4.12,1.3,0
1985/12/22,4.77,1,0
1985/12/23,3.89,2.4,0
1985/12/24,2.35,2,0
1985/12/25,4.34,2.6,0
1985/12/26,3.42,2.7,0
1985/12/27,3.89,2,0
1985/12/28,2.82,2.1,0
1985/12/29,2.69,1.3,2.2
1985/12/30,3.17,1.5,6.3
1985/12/31,4.34,0.5,6
1986/1/1,4.19,0.9,0
1986/1/2,5.58,1.1,0
1986/1/3,3.92,1,0
1986/1/4,3.42,2.2,0
1986/1/5,4.11,2,0
1986/1/6,3.53,1.2,0
1986/1/7,3.05,1.9,0
1986/1/8,3,1.6,0
1986/1/9,4.33,1.4,0
1986/1/10,3.63,1.8,0
1986/1/11,2.85,1.1,0
1986/1/12,3.05,1.1,0
1986/1/13,2.94,1,0
1986/1/14,2.88,0.2,1.6
1986/1/15,2.92,0.8,0
1986/1/16,2.86,1.4,0
1986/1/17,2.9,2.8,10.2
1986/1/18,3.89,0,0.2
1986/1/19,3.74,0.5,0.1
1986/1/20,3.2,1.5,0
1986/1/21,4.06,1,3
1986/1/22,2.86,1.2,0
1986/1/23,2.86,1,0
1986/1/24,3.64,0.1,3.5
1986/1/25,3.19,0.5,1.1
1986/1/26,3.02,1.1,0
1986/1/27,4.02,1.1,0
1986/1/28,3.82,1,0
1986/1/29,2.92,1,0
1986/1/30,2.85,0.5,1.6
1986/1/31,4.08,0.2,10.1
1986/2/1,4.48,0.5,9.6
1986/2/2,5.64,0.5,1.2
1986/2/3,5.77,0.3,6.2
1986/2/4,7.25,0.3,9.4
1986/2/5,7.45,0,7
1986/2/6,14.7,1,0
1986/2/7,8.7,1.1,0
1986/2/8,6.56,1.6,0
1986/2/9,5.15,0.1,0.3
1986/2/10,5.41,1.3,0
1986/2/11,4.98,1.3,0
1986/2/12,4.05,1.4,0
1986/2/13,5.02,0.2,5.8
1986/2/14,5.58,0.2,1.6
1986/2/15,4.61,2.4,2.2
1986/2/16,4.58,0.2,11.9
1986/2/17,8.91,0.2,6.6
1986/2/18,15.3,0.2,0
1986/2/19,9.43,1.4,0
1986/2/20,7.65,1.6,0
1986/2/21,6.36,2.1,0
1986/2/22,4.91,1.3,0
1986/2/23,6.04,1.1,0
1986/2/24,4.71,1.9,0
1986/2/25,4.96,0.6,0
1986/2/26,3.94,0.1,14.8
1986/2/27,6.72,1.4,0.2
1986/2/28,6.07,2.9,0
1986/3/1,4.43,2,0
1986/3/2,4.69,1.4,0
1986/3/3,4.58,2.6,0
1986/3/4,4.12,2,0
1986/3/5,2.75,2.6,0
1986/3/6,2.79,2.4,0
1986/3/7,3.2,1.9,0
1986/3/8,3.17,1.4,3.5
1986/3/9,3.1,0.5,8.3
1986/3/10,9.04,1,32.2
1986/3/11,33,1.1,0
1986/3/12,14.8,0.4,1.7
1986/3/13,11.3,0.5,46.2
1986/3/14,40.9,0.3,7.6
1986/3/15,34.3,0.2,7.8
1986/3/16,28.6,1.5,2.4
1986/3/17,20.6,0.6,9.8
1986/3/18,22.3,1.3,0.5
1986/3/19,20.2,1.6,8.4
1986/3/20,24.1,0.2,16.6
1986/3/21,60.3,0.3,15.3
1986/3/22,41.3,0.9,0.8
1986/3/23,26.8,1.1,1.3
1986/3/24,19.6,0.9,0
1986/3/25,15.8,1.3,0
1986/3/26,11.5,0.5,5
1986/3/27,22.6,0,38
1986/3/28,48.7,0.3,0.2
1986/3/29,25.6,0.3,54.3
1986/3/30,109,1.6,13.4
1986/3/31,69.1,0.2,2.1
1986/4/1,38.8,0.7,4
1986/4/2,28.6,0.3,6.2
1986/4/3,24.8,0.4,1
1986/4/4,22,1.5,0
1986/4/5,18.5,0.3,1.8
1986/4/6,16.6,1.5,0
1986/4/7,13.1,0.2,5.5
1986/4/8,13.9,0.2,0
1986/4/9,11.8,2.9,0
1986/4/10,8.87,2.1,19.6
1986/4/11,27.1,2,0
1986/4/12,23,0.8,16.6
1986/4/13,32.2,0.1,10.5
1986/4/14,50,2.1,40
1986/4/15,75.9,1.3,0
1986/4/16,36,0,27.5
1986/4/17,80.9,0.6,38
1986/4/18,89.3,1.3,12.2
1986/4/19,102,0,18.9
1986/4/20,88.1,0,3.4
1986/4/21,51.6,0.2,0.5
1986/4/22,37.3,1.8,0
1986/4/23,28.6,2,0
1986/4/24,24.3,1.3,1.4
1986/4/25,23.9,0.6,20.8
1986/4/26,46.2,1.5,0.2
1986/4/27,33.4,2.2,10.3
1986/4/28,45.1,1.5,51.3
1986/4/29,219,0.8,1.9
1986/4/30,75.4,0.1,5.2
1986/5/1,46.4,1.9,5.2
1986/5/2,41.4,1.3,21.1
1986/5/3,64.6,1.6,0.1
1986/5/4,47,1.8,0
1986/5/5,34.2,1.9,0.4
1986/5/6,28.7,1,0
1986/5/7,24.8,3,0
1986/5/8,22.8,2.8,0
1986/5/9,19.2,3.2,0
1986/5/10,18.9,0.4,23.6
1986/5/11,27.1,1.5,0
1986/5/12,21.3,1.4,1.5
1986/5/13,20,0.5,2.7
1986/5/14,20.7,4,0
1986/5/15,16,4,0
1986/5/16,12.7,4.1,0
1986/5/17,9.99,4.3,0
1986/5/18,9.64,2.2,0
1986/5/19,9.94,2.2,0
1986/5/20,12.8,3.8,12.1
1986/5/21,22.1,2,1.8
1986/5/22,22.7,3.7,0
1986/5/23,11.3,3.8,0
1986/5/24,12.2,3.4,0
1986/5/25,9.13,3.1,0
1986/5/26,8.33,4,0
1986/5/27,8.01,2,0
1986/5/28,7.58,1.7,21.3
1986/5/29,21.3,4,0
1986/5/30,18.5,3.2,0
1986/5/31,11.3,3,0
1986/6/1,11.4,1.3,33
1986/6/2,31,0.4,20.4
1986/6/3,26.9,1.2,0
1986/6/4,25,2.6,0
1986/6/5,32.4,0.9,5.1
1986/6/6,31.9,0.6,1
1986/6/7,22.6,1.2,0
1986/6/8,18.2,2,0
1986/6/9,14.3,2,0
1986/6/10,10.5,1.7,0
1986/6/11,10.4,2.5,0
1986/6/12,8.6,2.2,0
1986/6/13,7.55,3.1,0
1986/6/14,8.95,2.9,0
1986/6/15,6.45,2.9,0
1986/6/16,10.8,0.8,15.5
1986/6/17,45.2,1,3.8
1986/6/18,23.5,1.9,14.9
1986/6/19,59,0.7,17.4
1986/6/20,51.9,1.2,0.7
1986/6/21,33.5,2.8,0
1986/6/22,20.4,2.2,0.1
1986/6/23,15.9,1.4,25.2
1986/6/24,22.8,3.2,0
1986/6/25,15.6,2.6,0
1986/6/26,12.1,2.3,19.7
1986/6/27,13.5,2.5,0
1986/6/28,13.3,2.3,0
1986/6/29,9.11,3.3,0.3
1986/6/30,8.27,2.1,0
1986/7/1,6.87,1.7,0.7
1986/7/2,12.2,0.3,42.7
1986/7/3,61.2,1.2,18.1
1986/7/4,38.7,1.5,4.8
1986/7/5,28.2,1.6,14.7
1986/7/6,89.6,1.6,15.9
1986/7/7,95,2,4.8
1986/7/8,48.7,2.6,0
1986/7/9,28.9,3.4,0
1986/7/10,21.3,3.6,0
1986/7/11,16.5,3.2,0.2
1986/7/12,14.9,1.3,0.9
1986/7/13,11.5,2.7,0
1986/7/14,11.4,3,0
1986/7/15,11.6,4.3,0
1986/7/16,10.1,3.3,0
1986/7/17,7.93,3.1,0
1986/7/18,9.24,3,0
1986/7/19,9.52,3.8,20.8
1986/7/20,11.6,3,5.8
1986/7/21,18,3.4,0
1986/7/22,12.6,4.6,0
1986/7/23,7.63,4.4,0
1986/7/24,7.92,4,0
1986/7/25,5.81,3.5,0
1986/7/26,5.79,4.5,0
1986/7/27,4.66,4.3,0
1986/7/28,4.49,5,0
1986/7/29,5.78,4.5,0
1986/7/30,3.77,3.8,5.7
1986/7/31,5.12,1.7,35.1
1986/8/1,14,1.8,1.9
1986/8/2,19.3,3.5,0
1986/8/3,24.9,3.5,0
1986/8/4,15.8,2.8,0
1986/8/5,11.5,3.2,1.7
1986/8/6,9.48,2.9,0
1986/8/7,6.62,3.1,0
1986/8/8,6.08,2.3,0
1986/8/9,5.17,2.4,0.8
1986/8/10,7.05,4.6,0
1986/8/11,5.89,3.3,16.8
1986/8/12,7.23,4,0
1986/8/13,9.6,3.1,0
1986/8/14,4.72,3.8,5.2
1986/8/15,6.88,3.2,0
1986/8/16,6.58,5.1,0
1986/8/17,4.37,4.4,0
1986/8/18,3.57,3.7,0
1986/8/19,4.26,4.6,0
1986/8/20,3.13,3.4,2.2
1986/8/21,3.38,3.2,0
1986/8/22,3.75,4.4,0
1986/8/23,3.04,3.7,0
1986/8/24,3.55,2.9,0
1986/8/25,2.87,3,0
1986/8/26,2.35,3.9,0
1986/8/27,3.03,1.4,0
1986/8/28,2.68,2.8,0
1986/8/29,3.08,2.6,0
1986/8/30,2.32,1.8,0
1986/8/31,2.65,2.9,2.1
1986/9/1,3.71,1.6,2.4
1986/9/2,2.96,4.3,0
1986/9/3,3.03,4.1,0
1986/9/4,2.96,1.8,0
1986/9/5,3.57,3,60.6
1986/9/6,19.1,1.6,1.5
1986/9/7,13.2,2.6,0
1986/9/8,7.25,2.6,0
1986/9/9,3.6,3.5,0
1986/9/10,6.01,3.7,0
1986/9/11,3.84,3.5,0
1986/9/12,3.08,3.5,0
1986/9/13,3.5,1.4,0.7
1986/9/14,4.27,2,1.6
1986/9/15,4.21,1.9,0
1986/9/16,4.13,3.3,0
1986/9/17,3.12,4,0
1986/9/18,5.19,3.9,0
1986/9/19,3.81,3,0.4
1986/9/20,3.68,4.1,0
1986/9/21,1.91,3.1,0
1986/9/22,2.99,3.1,0
1986/9/23,3.47,3.9,0
1986/9/24,3.27,4,0
1986/9/25,2.02,4.1,0
1986/9/26,2.83,3.1,0
1986/9/27,2.78,3,0
1986/9/28,3.34,3.6,0
1986/9/29,1.84,3.3,0
1986/9/30,2.52,3.1,0
1986/10/1,2.8,4,0
1986/10/2,2.9,4,0
1986/10/3,2.28,2.4,0
1986/10/4,2.18,1.7,0.2
1986/10/5,2.63,0,1.4
1986/10/6,3.27,2.9,0
1986/10/7,2.1,1.7,0
1986/10/8,3.36,3.9,0
1986/10/9,3.53,2.2,0
1986/10/10,3.22,3.3,0
1986/10/11,2.3,3.4,0
1986/10/12,2.61,4,0
1986/10/13,3.84,3.9,0
1986/10/14,2.77,4.6,0
1986/10/15,2.54,3.4,0
1986/10/16,2.44,2.7,0
1986/10/17,2.51,0.4,37.5
1986/10/18,15.3,1.9,30.9
1986/10/19,18.2,2.3,0
1986/10/20,7.42,1.5,0
1986/10/21,5.42,1.6,1.1
1986/10/22,5.61,1.6,0
1986/10/23,2.85,1.1,1
1986/10/24,3.83,0.8,2.3
1986/10/25,4.56,0,0.7
1986/10/26,5.33,1.7,18.7
1986/10/27,7.01,0.8,9.4
1986/10/28,10.9,2,0.9
1986/10/29,9.12,3,0
1986/10/30,4.93,2.1,0
1986/10/31,4.74,2.7,0
1986/11/1,5.31,2.9,0
1986/11/2,4.01,1.7,0
1986/11/3,3.58,2.3,0
1986/11/4,5.45,2.2,0
1986/11/5,2.77,1.9,0
1986/11/6,3.31,0.3,0.4
1986/11/7,3.06,0.6,4.1
1986/11/8,3.09,1.5,0
1986/11/9,2.95,3.1,0
1986/11/10,2.92,2,0
1986/11/11,2.87,1.4,0
1986/11/12,3.67,0.4,9.8
1986/11/13,4.18,0,1.6
1986/11/14,4.37,1.6,16
1986/11/15,6.93,1.5,24.5
1986/11/16,23.7,1.4,0.1
1986/11/17,16.4,0.8,0
1986/11/18,6.89,0.8,0
1986/11/19,4.69,1.8,0
1986/11/20,4.87,0.6,0
1986/11/21,6.74,1.6,0
1986/11/22,3.84,1.1,0
1986/11/23,3.83,1.4,3.9
1986/11/24,4.83,1.5,0.8
1986/11/25,4.1,1.9,0
1986/11/26,4.19,2.7,0
1986/11/27,4.21,1.2,0
1986/11/28,3.13,1.3,0.3
1986/11/29,3.68,1,0
1986/11/30,3.67,1.6,0
1986/12/1,3.58,1.2,0
1986/12/2,3.03,1.1,0
1986/12/3,4.68,1,0
1986/12/4,3.32,2.5,0
1986/12/5,2.4,0.5,0
1986/12/6,1.6,1.8,0
1986/12/7,2.47,2.4,0
1986/12/8,2.48,2.2,0
1986/12/9,2.53,0.4,0
1986/12/10,2.78,1,0
1986/12/11,2.37,2.9,0
1986/12/12,2.37,1.5,0
1986/12/13,2.36,1,0.6
1986/12/14,2.08,0.8,0
1986/12/15,2.55,0.4,0.2
1986/12/16,2.62,0.4,0
1986/12/17,2.63,0.4,13.9
1986/12/18,3.13,2.1,0
1986/12/19,3.58,1.9,0
1986/12/20,3.74,1.7,0
1986/12/21,3.05,1.5,0
1986/12/22,1.94,2,0
1986/12/23,3.04,1,0
1986/12/24,2.46,1,0
1986/12/25,2.74,1,0
1986/12/26,2.22,0.8,0
1986/12/27,2.22,1.3,0
1986/12/28,2.38,1,0
1986/12/29,2.3,1.8,0
1986/12/30,2.24,0.2,0
1986/12/31,1.99,0.7,0
1987/1/1,2.47,0.8,0
1987/1/2,2.09,1.3,1.1
1987/1/3,2.25,0.5,13.3
1987/1/4,2.71,1.2,16.2
1987/1/5,9.77,1.9,0
1987/1/6,5.91,1,0
1987/1/7,4.33,1.1,0
1987/1/8,3.65,1,0
1987/1/9,2.97,1.6,0
1987/1/10,3.29,0.4,2
1987/1/11,3.44,0.4,1.4
1987/1/12,3.61,1.8,0
1987/1/13,2.85,1.6,0
1987/1/14,2.68,1.6,0
1987/1/15,2.94,0.6,0.7
1987/1/16,3.03,0.3,0
1987/1/17,2.69,0.3,0.3
1987/1/18,2.7,0.4,12.4
1987/1/19,3.39,1.6,0
1987/1/20,2.55,1.4,0
1987/1/21,2.43,0.6,6.2
1987/1/22,2.49,0.4,6.8
1987/1/23,3.76,0.7,4.5
1987/1/24,3.84,2.1,0
1987/1/25,3.73,2,0
1987/1/26,3.45,1.8,0
1987/1/27,2.78,2.2,0
1987/1/28,2.97,1,0
1987/1/29,3.36,0.5,0.6
1987/1/30,2.93,0.6,0
1987/1/31,2.87,1.2,0
1987/2/1,2.9,1.4,0
1987/2/2,2.9,2.5,0
1987/2/3,2.94,2.1,0
1987/2/4,2.61,2,0
1987/2/5,2.87,1.6,0
1987/2/6,3.08,1.5,1
1987/2/7,2.64,0.9,0
1987/2/8,2.11,2.2,0
1987/2/9,2.28,1,0
1987/2/10,2.28,1.1,0
1987/2/11,2.77,2.2,2.3
1987/2/12,1.66,0.6,1.2
1987/2/13,2.23,1.2,0
1987/2/14,2.43,1.4,1.1
1987/2/15,2.64,1.2,0
1987/2/16,2.37,1.1,0
1987/2/17,2.13,1,0.9
1987/2/18,2.37,0.4,0.1
1987/2/19,2.28,1.9,0.8
1987/2/20,2.66,1.4,20.2
1987/2/21,3.54,1,19
1987/2/22,7.72,1.4,2.3
1987/2/23,10.2,0.2,8.4
1987/2/24,11.5,2.3,0
1987/2/25,9.67,2.1,23.1
1987/2/26,8.67,0.4,23.8
1987/2/27,32.8,1.6,0
1987/2/28,20.5,2.2,0
1987/3/1,11.5,2.1,0
1987/3/2,6.75,2,0
1987/3/3,4.5,1.5,7.4
1987/3/4,5.98,1,0
1987/3/5,5.74,0.4,0
1987/3/6,4.46,0.6,7.4
1987/3/7,5,1.4,0
1987/3/8,3.2,2.5,19.9
1987/3/9,7.03,1.6,26.8
1987/3/10,33.5,0.8,11
1987/3/11,26.9,0.8,0.2
1987/3/12,16.9,0.5,1.4
1987/3/13,12.1,0.8,8.9
1987/3/14,10.6,0,23.5
1987/3/15,29.1,1.1,15.9
1987/3/16,46.5,0.5,14.6
1987/3/17,36.5,0.2,0.1
1987/3/18,23.2,0.5,54.1
1987/3/19,69.7,0.2,14.2
1987/3/20,44,1.1,0.1
1987/3/21,24.5,0.9,0.9
1987/3/22,20.1,0.5,20.2
1987/3/23,20.7,0.6,5.3
1987/3/24,24.6,1.7,12.8
1987/3/25,22.8,1.3,2.8
1987/3/26,21.9,1.8,2.8
1987/3/27,20.7,0,29.7
1987/3/28,59.2,0.6,13
1987/3/29,53.7,0.9,13.5
1987/3/30,46.1,1.2,8
1987/3/31,49.7,0.6,23.2
1987/4/1,71.5,0.8,18.1
1987/4/2,76.6,0.4,12.5
1987/4/3,63.7,1.5,0
1987/4/4,36.7,0.5,48.3
1987/4/5,126,0.8,13.1
1987/4/6,72.1,0.9,10.7
1987/4/7,47.5,0.3,0.2
1987/4/8,34.8,0.6,0.2
1987/4/9,26.1,1.6,0
1987/4/10,22.7,2.4,19.8
1987/4/11,27.9,1.3,23.2
1987/4/12,71,1.3,6
1987/4/13,49.2,1.5,11.6
1987/4/14,38.7,2,0
1987/4/15,28.1,2.5,0
1987/4/16,22.7,2,0
1987/4/17,19.8,2.9,0
1987/4/18,15.7,2.6,0
1987/4/19,15.4,2,0
1987/4/20,10.8,3.2,17.4
1987/4/21,16.2,3.1,3.5
1987/4/22,17.5,1.2,0
1987/4/23,13,0.7,0
1987/4/24,11.8,3.7,0
1987/4/25,10.1,4.3,33.3
1987/4/26,22.7,2.8,1.3
1987/4/27,22.5,2.6,0
1987/4/28,15.4,3.6,0
1987/4/29,12,1.4,0.1
1987/4/30,11.2,2.2,0
1987/5/1,10.7,0.2,6.1
1987/5/2,14.5,1.2,9
1987/5/3,25.6,1.1,13.3
1987/5/4,42.6,1.7,19.7
1987/5/5,71.1,1.4,46.5
1987/5/6,107,0,11.2
1987/5/7,66.8,0.2,3.5
1987/5/8,41.1,0.4,3.2
1987/5/9,30.3,1.1,0
1987/5/10,63.5,0.8,36.7
1987/5/11,66.4,1.1,0
1987/5/12,35.9,2.3,29.5
1987/5/13,114,2.5,20.2
1987/5/14,79.9,0.4,0
1987/5/15,54.9,0.3,45.9
1987/5/16,106,2.4,2.1
1987/5/17,52.6,3.1,0
1987/5/18,36.6,3.4,0
1987/5/19,28.1,1.8,1.1
1987/5/20,26.6,0.5,1.6
1987/5/21,32.8,0.2,48
1987/5/22,335,1.1,10.8
1987/5/23,90.8,2.6,0
1987/5/24,50.8,2.2,4.7
1987/5/25,38.9,2.8,0
1987/5/26,31.2,2.8,0.1
1987/5/27,32.5,3.2,11.6
1987/5/28,36,1,1
1987/5/29,31.1,1.9,0
1987/5/30,26.7,1.2,0
1987/5/31,22.8,2.8,7.4
1987/6/1,42.9,0.1,42.3
1987/6/2,62.9,3.2,0
1987/6/3,29.4,3.3,0
1987/6/4,24,2.5,0.5
1987/6/5,22.2,1,0
1987/6/6,19,2.9,5
1987/6/7,22.4,2.6,18.9
1987/6/8,30.9,2.5,2.7
1987/6/9,23.2,3.8,0
1987/6/10,18.3,4.1,0
1987/6/11,15.2,3.2,0
1987/6/12,11.9,3.3,0
1987/6/13,13.8,0.9,36.9
1987/6/14,20.2,2.1,2.1
1987/6/15,21.4,0.7,0.2
1987/6/16,19.9,0.4,0
1987/6/17,16.3,1.7,0
1987/6/18,14.4,2.8,0.1
1987/6/19,12.9,2.1,21.8
1987/6/20,27.4,1.8,0
1987/6/21,29.9,1.4,69.8
1987/6/22,51.1,1.2,7.7
1987/6/23,30.2,1.3,8.8
1987/6/24,27.8,3,0
1987/6/25,22,3.1,0
1987/6/26,15.8,2.4,0
1987/6/27,15.7,2.4,0
1987/6/28,13.4,1.8,31.9
1987/6/29,53.9,0.2,39.1
1987/6/30,61.3,0.3,2.9
1987/7/1,39.6,0.4,28.4
1987/7/2,78.3,1.5,0
1987/7/3,32.4,1.8,0.3
1987/7/4,24.8,3.6,0
1987/7/5,19.7,3.8,0
1987/7/6,16.2,4,0
1987/7/7,14.4,4.5,0
1987/7/8,12.9,2.5,0
1987/7/9,10.5,4.1,0
1987/7/10,10.4,2,0
1987/7/11,9.33,4,0
1987/7/12,8.37,4,0
1987/7/13,9.08,2,17.1
1987/7/14,10.1,1.4,0
1987/7/15,10.3,2.6,0
1987/7/16,8.93,1.6,2.4
1987/7/17,9.96,4.2,0
1987/7/18,11.9,4.1,0
1987/7/19,8.79,3.5,0
1987/7/20,6.71,3.8,0
1987/7/21,7.3,4.6,0
1987/7/22,5.12,4.2,2.4
1987/7/23,7.33,3.7,18.9
1987/7/24,15.1,0,13.1
1987/7/25,21.7,2.9,0.6
1987/7/26,19.4,1.2,1.6
1987/7/27,13,2.2,0.7
1987/7/28,9.96,3.5,9.8
1987/7/29,10.3,2.6,6.8
1987/7/30,9.86,1.8,4
1987/7/31,16.8,2,5.8
1987/8/1,14.2,2.3,3.2
1987/8/2,16.1,3,0
1987/8/3,11.5,4.2,0
1987/8/4,8.52,4,0
1987/8/5,7.12,4.1,0
1987/8/6,4.31,4.7,0
1987/8/7,5.27,3.7,22.8
1987/8/8,6.73,0.9,0
1987/8/9,5.76,1.3,0
1987/8/10,4.75,1.7,0
1987/8/11,6.44,3.3,0
1987/8/12,4.87,2.1,4.1
1987/8/13,5.16,2.6,0.3
1987/8/14,4.87,3,0
1987/8/15,5.42,3.4,0
1987/8/16,5.7,3.2,10.4
1987/8/17,4.83,2,0.8
1987/8/18,7.57,3.4,0
1987/8/19,6.33,2.4,4.4
1987/8/20,11.2,3.5,0
1987/8/21,6.73,3.2,0.4
1987/8/22,5.54,4.4,35.7
1987/8/23,15.9,1.4,0
1987/8/24,11.8,3.1,0
1987/8/25,7.02,4.6,0
1987/8/26,3.72,3.3,0
1987/8/27,4.82,3.5,0
1987/8/28,6.79,3.6,0
1987/8/29,6.49,3.8,10
1987/8/30,3.49,2.5,0
1987/8/31,5.55,2.8,0
1987/9/1,5.93,1.6,0
1987/9/2,4.81,4.5,0
1987/9/3,4.68,4.3,0
1987/9/4,6.45,3.1,0.1
1987/9/5,5.55,1.2,4.2
1987/9/6,5.46,3,0
1987/9/7,3.76,3.6,0
1987/9/8,3.35,3.9,0
1987/9/9,4.11,2.9,2.2
1987/9/10,4.65,0.8,35.6
1987/9/11,21.2,0.6,6.5
1987/9/12,17.6,1.1,0
1987/9/13,17.9,1.9,0.2
1987/9/14,12,4,0
1987/9/15,7.55,3.3,0.8
1987/9/16,7.17,4.4,0
1987/9/17,5.39,4,0
1987/9/18,4.62,4,0
1987/9/19,5.66,3.1,0
1987/9/20,4.23,1.3,0
1987/9/21,4.81,1.4,0
1987/9/22,6.04,2.3,0
1987/9/23,5.84,2.6,0
1987/9/24,4.4,2.6,54.7
1987/9/25,49.2,1.9,10.4
1987/9/26,31.3,2.1,0
1987/9/27,16.9,2.8,0
1987/9/28,10.9,2.3,0
1987/9/29,8.89,2.8,0
1987/9/30,8.06,2,0
1987/10/1,7.65,2.4,0
1987/10/2,8.83,2.7,0
1987/10/3,6.71,2.9,0
1987/10/4,7.03,1.1,5.4
1987/10/5,7.24,1.2,2.8
1987/10/6,8.88,0.9,5.3
1987/10/7,11.1,0,9
1987/10/8,14.5,0.6,4.5
1987/10/9,10.5,0.8,14.1
1987/10/10,24.5,0.8,0.5
1987/10/11,21.6,1.4,2.1
1987/10/12,19.3,1,0.7
1987/10/13,13.5,1,9.4
1987/10/14,16.3,2.5,2.8
1987/10/15,16.1,1.2,0.2
1987/10/16,9.51,1.3,0.4
1987/10/17,9.73,3,0
1987/10/18,9.74,1.8,2.9
1987/10/19,10.6,1.8,5.9
1987/10/20,10.4,0.3,1
1987/10/21,10.5,0,2.8
1987/10/22,11.6,0.4,0
1987/10/23,9.68,1,0
1987/10/24,9.23,2.3,0.9
1987/10/25,9.97,0.5,2.1
1987/10/26,10.3,0.7,0
1987/10/27,8.54,1.5,0
1987/10/28,8.15,0,0.6
1987/10/29,8.31,0.2,8.2
1987/10/30,10.2,0.6,1.2
1987/10/31,12.2,1.1,0
1987/11/1,7.43,0,0
1987/11/2,7.25,3.2,34.4
1987/11/3,33.2,0.3,0.4
1987/11/4,25.1,2.7,0
1987/11/5,18,0.1,20.2
1987/11/6,24.8,0.4,0
1987/11/7,21.4,1.4,0
1987/11/8,18.2,1.6,0
1987/11/9,14.5,1,0
1987/11/10,11.2,0.9,0
1987/11/11,10.6,1.1,0
1987/11/12,10.2,1,0.1
1987/11/13,9.27,1.1,0
1987/11/14,6.52,1,0
1987/11/15,9.2,0.1,0
1987/11/16,7.67,1.6,32.3
1987/11/17,26.2,0,2.9
1987/11/18,22.2,0.9,0
1987/11/19,17.1,0.9,0
1987/11/20,12.5,0.2,0
1987/11/21,13.7,0.9,11.9
1987/11/22,14.8,0.2,5.4
1987/11/23,18.9,0.9,0
1987/11/24,18.7,0,4.9
1987/11/25,17.7,0.2,0
1987/11/26,13.6,1,0
1987/11/27,14.9,2.9,21
1987/11/28,31.5,2.6,22.9
1987/11/29,40.8,1.8,0
1987/11/30,25,1.4,0
1987/12/1,19.8,2.7,0
1987/12/2,15.6,1,0
1987/12/3,14.9,3.4,0
1987/12/4,14.4,2.6,0
1987/12/5,11.6,1.9,0
1987/12/6,9.66,2.1,0
1987/12/7,9.43,1.9,0
1987/12/8,8.09,2.4,0
1987/12/9,8.82,1.2,0
1987/12/10,7.56,1.4,0
1987/12/11,7.88,1.5,0
1987/12/12,7.1,0.8,0
1987/12/13,7.49,2.2,0
1987/12/14,5.98,2.4,0.6
1987/12/15,6.65,0.2,0
1987/12/16,6.17,1.1,0
1987/12/17,6.48,1.7,0
1987/12/18,5.43,3.6,0
1987/12/19,5.62,0.3,0
1987/12/20,5.39,0.9,0
1987/12/21,5.84,1.5,0
1987/12/22,4.5,1.2,0
1987/12/23,5.68,1.3,0
1987/12/24,5.1,1.1,0
1987/12/25,4.79,1.1,0
1987/12/26,4.29,1.3,0
1987/12/27,4.52,0.1,2.4
1987/12/28,4.59,0.9,1.1
1987/12/29,1.38,1,1
1987/12/30,6.84,1.1,0
1987/12/31,5.74,0.4,0